model,holdout_mae,holdout_rmse,holdout_r2,cv_mae_mean,cv_rmse_mean,cv_r2_mean,cv_r2_std
RandomForest,2.433504017833012,3.285884291675337,0.6059974727222048,2.4894329383692586,3.3756570821287237,0.5824123723937231,0.003610120285704494
ExtraTrees,2.447015350932257,3.331274533740313,0.5950370190010761,2.515307752330825,3.4419496594672636,0.5658496826273886,0.005004888118443913
XGBoost,2.6661288337942635,3.4949373738366636,0.5542685573185604,2.722759295815877,3.564173669450058,0.5344679413307857,0.001278563728491857
KNN,2.599634591906693,3.567911552768383,0.5354605143119455,2.696300045580376,3.7119374152078586,0.4950736693500272,0.005668662052907225
CatBoost,2.9271073241582766,3.7540134804341316,0.48573599142584967,2.9792779888026324,3.8148525729891087,0.4666605980992618,0.004432623151738166
Ridge,3.398083032454526,4.251273286438611,0.34047308636304807,3.4288575530179055,4.293563830795514,0.32442012057355846,0.004421131118077517
